Date,Daily_New_Cases,Accumulative_Cases,Male,Female,Daily_Recoveries,Accumulative_Recoveries,Active_Cases,Daily _Deaths,Accumulative_Daily_Deaths,Accumulative_Non_Covid_Deaths,Learners_infected,Total_tests_Conducted
3/14/2020,2,2,1,1,0,0,2,0,0,0,0,0
3/15/2020,0,2,0,0,0,0,2,0,0,0,0,0
3/16/2020,0,2,0,0,0,0,2,0,0,0,0,0
3/17/2020,0,2,0,0,0,0,2,0,0,0,0,0
3/18/2020,0,2,0,0,0,0,2,0,0,0,0,0
3/19/2020,1,3,1,0,0,0,3,0,0,0,0,0
3/20/2020,0,3,0,0,0,0,3,0,0,0,0,0
3/21/2020,0,3,0,0,0,0,3,0,0,0,0,0
3/22/2020,0,3,0,0,0,0,3,0,0,0,0,0
3/23/2020,1,4,1,0,0,0,4,0,0,0,0,0
3/24/2020,2,6,2,0,0,0,6,0,0,0,0,0
3/25/2020,2,8,2,0,0,0,8,0,0,0,0,0
3/26/2020,0,8,0,0,0,0,8,0,0,0,0,0
3/27/2020,0,8,0,0,0,0,8,0,0,0,0,0
3/28/2020,3,11,1,2,1,1,10,0,0,0,0,0
3/29/2020,0,11,0,0,0,1,10,0,0,0,0,0
3/30/2020,0,11,0,0,0,1,10,0,0,0,0,0
3/31/2020,0,11,0,0,0,1,10,0,0,0,0,0
4/1/2020,2,13,1,1,0,1,12,0,0,0,0,306
4/2/2020,1,14,0,1,0,1,13,0,0,0,0,0
4/3/2020,0,14,0,0,0,1,13,0,0,0,0,0
4/4/2020,2,16,2,0,2,3,13,0,0,0,0,0
4/5/2020,0,16,0,0,0,3,13,0,0,0,0,362
4/6/2020,0,16,0,0,0,3,13,0,0,0,0,0
4/7/2020,0,16,0,0,0,3,13,0,0,0,0,0
4/8/2020,0,16,0,0,0,3,13,0,0,0,0,0
4/9/2020,0,16,0,0,0,3,13,0,0,0,0,0
4/10/2020,0,16,0,0,0,3,13,0,0,0,0,0
4/11/2020,0,16,0,0,0,3,13,0,0,0,0,0
4/12/2020,0,16,0,0,0,3,13,0,0,0,0,0
4/13/2020,0,16,0,0,0,3,13,0,0,0,0,0
4/14/2020,0,16,0,0,0,3,13,0,0,0,0,0
4/15/2020,0,16,0,0,0,3,13,0,0,0,0,454
4/16/2020,0,16,0,0,0,3,13,0,0,0,0,0
4/17/2020,0,16,0,0,3,6,10,0,0,0,0,0
4/18/2020,0,16,0,0,0,6,10,0,0,0,0,499
4/19/2020,0,16,0,0,0,6,10,0,0,0,0,524
4/20/2020,0,16,0,0,0,6,10,0,0,0,0,0
4/21/2020,0,16,0,0,0,6,10,0,0,0,0,546
4/22/2020,0,16,0,0,1,7,9,0,0,0,0,0
4/23/2020,0,16,0,0,0,7,9,0,0,0,0,590
4/24/2020,0,16,0,0,0,7,9,0,0,0,0,621
4/25/2020,0,16,0,0,1,8,8,0,0,0,0,675
4/26/2020,0,16,0,0,0,8,8,0,0,0,0,704
4/27/2020,0,16,0,0,0,8,8,0,0,0,0,0
4/28/2020,0,16,0,0,0,8,8,0,0,0,0,765
4/29/2020,0,16,0,0,0,8,8,0,0,0,0,0
4/30/2020,0,16,0,0,0,8,8,0,0,0,0,872
5/1/2020,0,16,0,0,0,8,8,0,0,0,0,928
5/2/2020,0,16,0,0,0,8,8,0,0,0,0,1060
5/3/2020,0,16,0,0,0,8,8,0,0,0,0,1122
5/4/2020,0,16,0,0,0,8,8,0,0,0,0,0
5/5/2020,0,16,0,0,0,8,8,0,0,0,0,1163
5/6/2020,0,16,0,0,1,9,7,0,0,0,0,1181
5/7/2020,0,16,0,0,0,9,7,0,0,0,0,1283
5/8/2020,0,16,0,0,1,10,6,0,0,0,0,0
5/9/2020,0,16,0,0,1,11,5,0,0,0,0,1511
5/10/2020,0,16,0,0,0,11,5,0,0,0,0,1543
5/11/2020,0,16,0,0,0,11,5,0,0,0,0,0
5/12/2020,0,16,0,0,0,11,5,0,0,0,0,1604
5/13/2020,0,16,0,0,1,12,4,0,0,0,0,1768
5/14/2020,0,16,0,0,1,13,3,0,0,0,0,2011
5/15/2020,0,16,0,0,0,13,3,0,0,0,0,0
5/16/2020,0,16,0,0,0,13,3,0,0,0,0,0
5/17/2020,0,16,0,0,0,13,3,0,0,0,0,2381
5/18/2020,0,16,0,0,0,13,3,0,0,0,0,0
5/19/2020,0,16,0,0,0,13,3,0,0,0,0,2434
5/20/2020,2,18,0,2,0,13,5,0,0,0,0,2586
5/21/2020,1,19,1,0,1,14,5,0,0,0,0,2681
5/22/2020,1,20,1,0,0,14,6,0,0,0,0,0
5/23/2020,1,21,1,0,0,14,7,0,0,0,0,2847
5/24/2020,0,21,0,0,0,14,7,0,0,0,0,3027
5/25/2020,0,21,0,0,0,14,7,0,0,0,0,3117
5/26/2020,1,22,1,0,0,14,8,0,0,0,0,3186
5/27/2020,0,22,0,0,0,14,8,0,0,0,0,3201
5/28/2020,1,23,0,1,0,14,9,0,0,0,0,3370
5/29/2020,0,23,0,0,0,14,9,0,0,0,0,3412
5/30/2020,1,24,1,0,0,14,10,0,0,0,0,3545
5/31/2020,1,25,0,1,0,14,11,0,0,0,0,3680
6/1/2020,0,25,0,0,2,16,9,0,0,0,0,3970
6/2/2020,0,25,0,0,0,16,9,0,0,0,0,4005
6/3/2020,0,25,0,0,0,16,9,0,0,0,0,0
6/4/2020,0,25,0,0,0,16,9,0,0,0,0,4217
6/5/2020,4,29,4,0,0,16,13,0,0,0,0,4395
6/6/2020,0,29,0,0,0,16,13,0,0,0,0,4588
6/7/2020,2,31,0,2,0,16,15,0,0,0,0,0
6/8/2020,0,31,0,0,0,16,15,0,0,0,0,4943
6/9/2020,0,31,0,0,1,17,14,0,0,0,0,4970
6/10/2020,0,31,0,0,0,17,14,0,0,0,0,5084
6/11/2020,0,31,0,0,0,17,14,0,0,0,0,5301
6/12/2020,1,32,0,1,0,17,15,0,0,0,0,5514
6/13/2020,0,32,0,0,0,17,15,0,0,0,0,5682
6/14/2020,0,32,0,0,0,17,15,0,0,0,0,5849
6/15/2020,2,34,1,1,0,17,17,0,0,0,0,0
6/16/2020,0,34,0,0,1,18,16,0,0,0,0,5919
6/17/2020,5,39,3,2,1,19,20,0,0,0,0,6106
6/18/2020,6,45,3,3,0,19,26,0,0,0,0,6355
6/19/2020,1,46,0,1,0,19,27,0,0,0,0,6514
6/20/2020,12,58,4,8,0,19,39,0,0,0,0,6837
6/21/2020,5,63,2,3,2,21,42,0,0,0,0,7009
6/22/2020,9,72,3,6,0,21,51,0,0,0,0,7331
6/23/2020,5,77,1,4,0,21,56,0,0,0,0,0
6/24/2020,24,101,10,14,0,21,80,0,0,0,0,7740
6/25/2020,4,105,2,2,1,22,83,0,0,0,0,8014
6/26/2020,15,120,3,12,0,22,98,0,0,0,0,8105
6/27/2020,29,149,10,19,0,22,127,0,0,0,0,8263
6/28/2020,33,182,11,22,2,24,158,0,0,0,0,8706
6/29/2020,20,202,6,14,0,24,178,0,0,0,0,0
6/30/2020,54,256,36,18,0,24,232,0,0,0,0,9118
7/1/2020,36,292,4,32,0,24,268,0,0,0,0,9563
7/2/2020,41,333,18,23,1,25,308,0,0,0,0,9661
7/3/2020,41,374,9,32,0,25,349,0,0,0,0,10283
7/4/2020,37,411,15,22,0,25,386,0,0,0,0,10682
7/5/2020,73,484,36,37,0,25,459,0,0,0,0,0
7/6/2020,54,538,20,34,0,25,513,0,0,0,0,11299
7/7/2020,55,593,48,7,0,25,568,0,0,0,0,0
7/8/2020,22,615,11,11,0,25,590,0,0,0,0,12167
7/9/2020,53,668,28,25,0,25,642,1,1,0,0,12624
7/10/2020,45,713,28,17,0,25,687,0,1,0,0,12789
7/11/2020,72,785,41,31,1,26,758,0,1,0,0,0
7/12/2020,76,861,50,26,2,28,832,0,1,0,0,13999
7/13/2020,3,864,2,1,1,29,833,1,2,0,0,14698
7/14/2020,96,960,51,45,2,31,927,0,2,0,0,15439
7/15/2020,72,1032,39,33,0,31,999,0,2,0,0,16305
7/16/2020,46,1078,23,23,1,32,1044,0,2,0,0,16381
7/17/2020,125,1203,85,40,0,32,1169,0,2,0,0,16838
7/18/2020,44,1247,33,11,3,35,1209,1,3,0,0,17041
7/19/2020,97,1344,80,17,7,42,1298,1,4,0,0,17694
7/20/2020,22,1366,17,5,15,57,1302,3,7,0,0,17994
7/21/2020,36,1402,18,18,7,64,1331,0,7,0,0,18454
7/22/2020,120,1522,84,36,5,69,1446,0,7,0,0,19260
7/23/2020,96,1618,67,29,3,72,1539,0,7,0,0,19782
7/24/2020,69,1687,36,33,0,72,1608,0,7,0,0,20101
7/25/2020,88,1775,59,29,3,75,1692,1,8,0,0,20887
7/26/2020,68,1843,50,18,26,101,1734,0,8,0,0,21806
7/27/2020,74,1917,54,20,3,104,1805,0,8,0,0,23140
7/28/2020,69,1986,38,31,0,104,1873,1,9,0,0,24325
7/29/2020,66,2052,45,21,62,166,1876,1,10,0,0,24852
7/30/2020,77,2129,38,39,0,166,1953,0,10,0,0,25625
7/31/2020,95,2224,55,40,5,171,2042,1,11,0,0,26261
8/1/2020,70,2294,40,30,16,187,2096,0,11,0,0,26344
8/2/2020,112,2406,79,33,0,187,2207,1,12,0,0,27718
8/3/2020,64,2470,34,30,24,211,2247,0,12,0,0,28514
8/4/2020,70,2540,44,26,342,553,1975,0,12,0,0,29233
8/5/2020,112,2652,67,45,7,560,2077,3,15,0,0,0
8/6/2020,150,2802,100,50,12,572,2214,1,16,0,0,31172
8/7/2020,50,2852,26,24,65,637,2199,0,16,0,0,32369
8/8/2020,97,2949,56,41,64,701,2229,3,19,0,0,0
8/9/2020,152,3101,96,56,11,712,2370,0,19,0,0,33985
8/10/2020,128,3229,77,51,0,712,2498,0,19,0,0,35175
8/11/2020,177,3406,102,75,120,832,2552,3,22,0,0,36287
8/12/2020,138,3544,71,67,13,845,2672,5,27,0,0,36743
8/13/2020,182,3726,97,85,1494,2339,1356,4,31,0,0,37797
8/14/2020,181,3907,97,84,10,2349,1523,4,35,0,0,38743
8/15/2020,247,4154,90,157,21,2370,1749,0,35,0,0,40397
8/16/2020,190,4344,98,92,9,2379,1929,1,36,0,0,41146
8/17/2020,120,4464,68,52,28,2407,2020,1,37,0,0,41867
8/18/2020,201,4665,109,92,19,2426,2200,2,39,0,0,42945
8/19/2020,247,4912,149,98,16,2442,2429,2,41,0,0,43990
8/20/2020,315,5227,200,115,15,2457,2727,2,43,0,0,45744
8/21/2020,311,5538,146,165,6,2463,3029,3,46,0,0,47122
8/22/2020,316,5854,170,146,46,2509,3293,6,52,0,0,48808
8/23/2020,176,6030,81,95,54,2563,3411,4,56,0,0,50391
8/24/2020,130,6160,43,87,169,2732,3371,1,57,0,0,51605
8/25/2020,271,6431,144,127,2,2734,3638,2,59,0,0,53387
8/26/2020,281,6712,153,128,42,2776,3876,1,60,0,0,54941
8/27/2020,194,6906,99,95,13,2789,4052,5,65,0,0,56608
8/28/2020,210,7116,108,102,28,2817,4230,4,69,0,0,57150
8/29/2020,249,7365,107,142,112,2929,4363,4,73,0,0,58610
8/30/2020,185,7550,97,88,21,2950,4525,2,75,0,0,59953
8/31/2020,142,7692,76,66,429,3379,4232,6,81,0,0,61410
9/1/2020,152,7844,84,68,75,3454,4308,1,82,0,0,62446
9/2/2020,238,8082,126,112,29,3483,4513,4,86,0,0,64269
9/3/2020,241,8323,135,106,128,3611,4625,1,87,0,0,65899
9/4/2020,191,8514,99,92,32,3643,4784,0,87,0,0,67287
9/5/2020,171,8685,97,74,143,3786,4810,2,89,0,0,68937
9/6/2020,125,8810,66,59,20,3806,4913,2,91,0,0,70346
9/7/2020,118,8928,65,53,203,4009,4828,0,91,0,0,71506
9/8/2020,180,9108,91,89,634,4643,4372,2,93,0,0,72186
9/9/2020,148,9256,81,67,127,4770,4389,4,97,0,0,74093
9/10/2020,181,9437,100,81,128,4898,4441,1,98,0,0,75511
9/11/2020,167,9604,0,167,913,5811,3695,0,98,0,0,77421
9/12/2020,115,9719,62,53,732,6543,3075,3,101,0,0,79122
9/13/2020,99,9818,74,25,150,6693,3022,2,103,0,0,80352
9/14/2020,83,9901,46,37,665,7358,2437,3,106,0,0,81307
9/15/2020,63,9964,33,30,144,7502,2354,2,108,0,0,82317
9/16/2020,114,10078,12,102,183,7685,2285,0,108,0,0,83424
9/17/2020,129,10207,62,67,175,7860,2239,0,108,0,0,84688
9/18/2020,85,10292,37,48,109,7969,2212,3,111,0,0,86092
9/19/2020,85,10377,52,33,64,8033,2232,1,112,0,0,87639
9/20/2020,149,10526,104,45,79,8112,2301,1,113,0,0,88686
9/21/2020,81,10607,48,33,247,8359,2132,3,116,0,0,89831
9/22/2020,56,10663,32,24,72,8431,2115,1,117,0,0,90977
9/23/2020,77,10740,37,40,51,8482,2139,2,119,0,0,91902
9/24/2020,95,10835,59,36,89,8571,2145,0,119,0,0,92943
9/25/2020,83,10918,64,19,179,8750,2048,1,120,0,0,93964
9/26/2020,115,11033,59,56,49,8799,2114,0,120,0,0,94974
9/27/2020,88,11121,53,35,10,8809,2191,1,121,0,0,95894
9/28/2020,19,11140,13,6,128,8937,2082,0,121,0,0,96041
9/29/2020,125,11265,82,43,77,9014,2130,0,121,0,0,97008
9/30/2020,108,11373,91,17,69,9083,2167,2,123,0,0,97952
10/1/2020,104,11477,58,46,268,9351,2003,0,123,0,0,99382
10/2/2020,95,11572,51,44,68,9419,2030,0,123,0,0,100721
10/3/2020,54,11626,29,25,10,9429,2074,0,123,0,0,102031
10/4/2020,28,11654,10,18,22,9451,2078,2,125,0,0,103254
10/5/2020,19,11673,14,5,160,9611,1937,0,125,0,0,103854
10/6/2020,41,11714,21,20,62,9673,1915,1,126,0,0,104309
10/7/2020,67,11781,33,34,86,9759,1895,1,127,0,0,105386
10/8/2020,48,11829,19,29,19,9778,1924,0,127,0,0,106698
10/9/2020,62,11891,33,29,33,9811,1952,1,128,0,0,107587
10/10/2020,45,11936,18,27,10,9821,1987,0,128,0,0,108484
10/11/2020,53,11989,37,16,92,9913,1947,1,129,0,0,109829
10/12/2020,11,12000,7,4,207,10120,1751,0,129,0,0,110723
10/13/2020,69,12069,50,19,25,10145,1794,1,130,0,0,111315
10/14/2020,34,12103,14,20,184,10329,1644,0,130,0,0,112448
10/15/2020,112,12215,90,22,31,10360,1724,1,131,0,0,113089
10/16/2020,48,12263,25,23,59,10419,1713,0,131,0,0,114126
10/17/2020,30,12293,10,20,3,10422,1740,0,131,0,0,115381
10/18/2020,33,12326,20,13,4,10426,1769,0,131,0,0,116105
10/19/2020,41,12367,32,9,117,10543,1692,1,132,0,0,117052
10/20/2020,39,12406,21,18,44,10587,1686,1,133,0,0,117759
10/21/2020,54,12460,31,23,22,10609,1718,0,133,0,0,118462
10/22/2020,41,12501,28,13,139,10748,1620,0,133,0,0,119523
10/23/2020,78,12579,57,21,27,10775,1671,0,133,0,0,120558
10/24/2020,81,12660,68,13,4,10779,1748,0,133,0,0,121708
10/25/2020,15,12675,7,8,34,10813,1729,0,133,0,0,122261
10/26/2020,54,12729,44,10,65,10878,1718,0,133,0,0,122924
10/27/2020,77,12806,49,28,51,10929,1744,0,133,0,0,123455
10/28/2020,52,12858,20,32,43,10972,1753,0,133,0,0,124570
10/29/2020,49,12907,31,18,28,11000,1774,0,133,0,0,125082
10/30/2020,28,12935,13,15,36,11036,1766,0,133,0,0,126796
10/31/2020,53,12988,29,24,2,11038,1817,0,133,0,0,127359
11/1/2020,24,13012,17,7,161,11199,1680,0,133,0,0,128293
11/2/2020,18,13030,14,4,105,11304,1593,0,133,0,0,128802
11/3/2020,16,13046,7,9,40,11344,1569,0,133,0,0,129317
11/4/2020,44,13090,24,20,94,11438,1519,0,133,0,0,130228
11/5/2020,53,13143,31,22,140,11578,1430,0,133,2,0,130957
11/6/2020,27,13170,14,13,24,11602,1432,1,134,2,0,131715
11/7/2020,41,13211,14,27,3,11605,1470,0,134,2,0,133477
11/8/2020,29,13240,17,12,15,11620,1484,0,134,2,0,134270
11/9/2020,13,13253,8,5,81,11701,1416,0,134,2,0,135335
11/10/2020,39,13292,21,18,38,11739,1417,0,134,2,0,135866
11/11/2020,53,13345,30,23,449,12188,1020,1,135,2,0,136997
11/12/2020,27,13372,12,15,55,12243,989,3,138,2,0,138265
11/13/2020,77,13449,39,38,224,12467,842,0,138,2,0,139346
11/14/2020,59,13508,22,37,213,12680,688,0,138,2,0,140422
11/15/2020,47,13555,21,26,163,12843,572,0,138,2,0,141417
11/16/2020,11,13566,9,2,296,13139,285,2,140,2,0,142091
11/17/2020,44,13610,30,14,12,13151,317,0,140,2,0,142636
11/18/2020,52,13662,18,34,30,13181,338,1,141,2,0,143466
11/19/2020,50,13712,32,18,9,13190,378,1,142,2,0,144428
11/20/2020,99,13811,46,53,18,13208,458,1,143,2,0,145148
11/21/2020,54,13865,27,27,8,13216,503,1,144,2,0,146495
11/22/2020,32,13897,10,22,18,13234,516,1,145,2,0,147690
11/23/2020,41,13938,22,19,38,13272,519,0,145,2,0,148562
11/24/2020,68,14006,36,32,67,13339,519,0,145,3,0,149224
11/25/2020,149,14155,77,72,16,13355,650,2,147,3,0,150394
11/26/2020,52,14207,20,32,33,13388,667,2,149,3,0,151721
11/27/2020,78,14285,38,40,24,13412,720,1,150,3,0,153097
11/28/2020,60,14345,29,31,27,13439,752,1,151,3,0,154257
11/29/2020,35,14380,20,15,96,13535,691,0,151,3,0,155543
11/30/2020,36,14416,18,18,65,13600,662,0,151,3,0,156723
12/1/2020,61,14477,31,30,97,13697,626,0,151,3,0,157116
12/2/2020,122,14599,57,65,77,13774,671,0,151,3,0,158582
12/3/2020,181,14780,83,98,100,13874,751,1,152,3,0,159915
12/4/2020,170,14950,70,100,34,13908,887,0,152,3,0,161479
12/5/2020,128,15078,69,59,31,13939,984,0,152,3,0,163135
12/6/2020,141,15219,75,66,10,13949,1115,0,152,3,0,164815
12/7/2020,79,15298,33,46,55,14004,1138,1,153,3,0,165214
12/8/2020,174,15472,87,87,191,14195,1120,1,154,3,0,167361
12/9/2020,301,15773,148,153,23,14218,1395,3,157,3,0,168805
12/10/2020,324,16097,162,162,114,14332,1603,2,159,3,0,170817
12/11/2020,172,16269,83,89,250,14582,1525,0,159,3,0,172955
12/12/2020,267,16536,135,132,102,14684,1690,0,159,3,0,174200
12/13/2020,190,16726,91,99,153,14837,1724,3,162,3,0,175923
12/14/2020,187,16913,94,93,144,14981,1766,1,163,3,0,177749
12/15/2020,363,17276,164,199,215,15196,1914,0,163,3,0,178677
12/16/2020,331,17607,151,180,177,15373,2068,0,163,3,0,180521
12/17/2020,434,18041,208,226,253,15626,2244,5,168,3,0,182969
12/18/2020,396,18437,190,206,223,15849,2415,2,170,3,0,185012
12/19/2020,277,18714,123,154,118,15967,2568,6,176,3,0,186883
12/20/2020,585,19299,288,297,74,16041,3076,3,179,3,0,187786
12/21/2020,330,19629,145,185,276,16317,3129,1,180,3,0,190462
12/22/2020,355,19984,153,202,575,16892,2906,3,183,3,0,191898
12/23/2020,595,20579,279,316,306,17198,3191,4,187,3,0,193671
12/24/2020,683,21262,311,372,404,17602,3470,0,187,3,0,195785
12/25/2020,136,21398,68,68,249,17851,3357,0,187,3,0,198563
12/26/2020,525,21923,277,248,188,18039,3690,4,191,3,0,199148
12/27/2020,364,22287,168,196,238,18277,3814,2,193,3,0,200615
12/28/2020,564,22851,249,315,466,18743,3910,2,195,3,0,202460
12/29/2020,482,23333,206,276,912,19655,3479,1,196,3,0,204698
12/30/2020,608,23941,270,338,421,20076,3657,9,205,3,0,206934
12/31/2020,604,24545,286,318,651,20727,3607,3,208,3,0,209155
1/1/2021,109,24654,59,50,204,20931,3507,5,213,3,0,211329
1/2/2021,462,25116,206,256,124,21055,3843,2,215,3,0,211819
1/3/2021,270,25386,132,138,129,21184,3981,3,218,3,0,213977
1/4/2021,501,25887,238,263,593,21777,3885,4,222,3,0,215409
1/5/2021,432,26319,206,226,423,22200,3881,13,235,3,0,217443
1/6/2021,363,26682,178,185,466,22666,3773,5,240,3,0,219091
1/7/2021,573,27255,257,316,511,23177,3829,5,245,4,0,220769
1/8/2021,468,27723,210,258,735,23912,3555,6,251,5,0,223317
1/9/2021,536,28259,240,296,380,24292,3708,3,254,5,0,226059
1/10/2021,343,28602,162,181,170,24462,3874,7,261,5,0,228783
1/11/2021,269,28871,142,127,476,24938,3664,3,264,5,0,230214
1/12/2021,312,29183,174,138,470,25408,3499,7,271,5,0,231809
1/13/2021,387,29570,203,184,437,25845,3445,4,275,5,0,233517
1/14/2021,319,29889,148,171,409,26254,3350,5,280,5,0,235555
1/15/2021,309,30198,156,153,214,26468,3445,0,280,5,0,237487
1/16/2021,165,30363,65,100,463,26931,3142,5,285,5,0,239333
1/17/2021,390,30753,175,215,562,27493,2962,8,293,5,0,240751
1/18/2021,242,30995,103,139,365,27858,2836,3,296,5,0,242785
1/19/2021,258,31253,120,138,368,28226,2721,5,301,5,0,244182
1/20/2021,262,31515,126,136,1004,29230,1969,9,310,6,0,245975
1/21/2021,333,31848,158,175,341,29571,1960,1,311,6,0,247890
1/22/2021,365,32213,156,209,260,29831,2059,6,317,6,0,250658
1/23/2021,212,32425,106,106,189,30020,2080,2,319,6,0,252751
1/24/2021,225,32650,93,132,250,30270,2055,0,319,6,0,254703
1/25/2021,307,32957,156,151,162,30432,2191,9,328,6,0,256330
1/26/2021,308,33265,196,112,778,31210,1717,4,332,6,0,258139
1/27/2021,194,33459,88,106,199,31409,1712,0,332,6,0,260034
1/28/2021,237,33696,122,115,243,31652,1696,10,342,6,0,261295
1/29/2021,136,33832,88,48,643,32295,1181,8,350,6,0,0
1/30/2021,112,33944,78,34,83,32378,1207,2,352,7,0,263533
1/31/2021,224,34168,103,121,186,32564,1245,0,352,7,0,265757
2/1/2021,102,34270,59,43,175,32739,1169,3,355,7,0,267864
2/2/2021,102,34372,54,48,38,32777,1229,4,359,7,0,268699
2/3/2021,147,34519,74,73,95,32872,1276,5,364,7,0,269527
2/4/2021,96,34615,51,45,348,33220,1018,6,370,7,0,270668
2/5/2021,229,34844,139,90,139,33359,1107,1,371,7,0,272217
2/6/2021,129,34973,65,64,95,33454,1137,4,375,7,0,273780
2/7/2021,97,35070,50,47,119,33573,1115,0,375,7,0,274817
2/8/2021,131,35201,58,73,102,33675,1142,2,377,7,0,275684
2/9/2021,41,35242,29,12,103,33778,1079,1,378,7,0,276865
2/10/2021,111,35353,57,54,172,33950,1014,4,382,7,0,277884
2/11/2021,201,35554,118,83,52,34002,1161,2,384,7,0,279129
2/12/2021,243,35797,156,87,97,34099,1305,2,386,7,0,280713
2/13/2021,155,35952,89,66,42,34141,1416,2,388,7,0,281997
2/14/2021,273,36225,83,190,120,34261,1568,1,389,7,0,283081
2/15/2021,141,36366,65,76,102,34363,1604,3,392,7,0,284625
2/16/2021,74,36440,35,39,77,34440,1598,2,394,8,0,285452
2/17/2021,240,36680,108,132,136,34576,1702,0,394,8,0,286439
2/18/2021,313,36993,224,89,311,34887,1699,5,399,8,165,288074
2/19/2021,302,37295,187,115,148,35035,1850,3,402,8,190,289625
2/20/2021,188,37483,99,89,55,35090,1983,0,402,8,91,291698
2/21/2021,259,37742,157,102,183,35273,2055,4,406,8,141,292948
2/22/2021,154,37896,78,76,146,35419,2058,5,411,8,69,294196
2/23/2021,80,37976,40,40,331,35750,1805,2,413,8,30,295402
2/24/2021,230,38206,89,141,38,35788,1994,3,416,8,78,295953
2/25/2021,218,38424,87,131,206,35994,2004,2,418,8,51,298178
2/26/2021,218,38642,89,129,226,36220,1994,2,420,8,0,300024
2/27/2021,203,38845,90,113,41,36261,2152,4,424,8,0,301479
2/28/2021,188,39033,81,107,74,36335,2262,4,428,8,0,302912
3/1/2021,149,39182,90,59,163,36498,2246,2,430,8,0,304421
3/2/2021,115,39297,73,42,482,36980,1875,4,434,8,21,305368
3/3/2021,169,39466,62,107,63,37043,1979,2,436,8,91,306463
3/4/2021,210,39676,103,107,216,37259,1972,1,437,8,88,307936
3/5/2021,201,39877,99,102,107,37366,2066,0,437,8,64,309151
3/6/2021,153,40030,70,83,154,37520,2064,1,438,8,62,310907
3/7/2021,157,40187,56,101,58,37578,2162,1,439,8,62,312263
3/8/2021,150,40337,80,70,315,37893,1992,5,444,8,87,313949
3/9/2021,114,40451,57,57,150,38043,1952,4,448,8,27,314993
3/10/2021,180,40631,98,82,61,38104,2069,2,450,8,9,315952
3/11/2021,179,40810,91,88,113,38217,2129,6,456,8,77,318007
3/12/2021,215,41025,96,119,47,38264,2295,2,458,8,52,319666
3/13/2021,175,41200,88,87,206,38470,2264,0,458,8,45,321191
3/14/2021,224,41424,104,120,44,38514,2437,7,465,8,78,322528
3/15/2021,42,41466,19,23,279,38793,2190,9,474,9,10,324162
3/16/2021,80,41546,37,43,149,38942,2118,3,477,9,8,324946
3/17/2021,138,41684,65,73,163,39105,2087,6,483,9,29,325490
3/18/2021,281,41965,118,163,116,39221,2249,3,486,9,65,327300
3/19/2021,238,42203,128,110,61,39282,2419,6,492,10,98,329484
3/20/2021,274,42477,144,130,68,39350,2625,0,492,10,58,331498
3/21/2021,176,42653,81,95,154,39504,2645,2,494,10,41,333307
3/22/2021,118,42771,48,70,190,39694,2569,4,498,10,51,334805
3/23/2021,93,42864,44,49,282,39976,2376,4,502,10,15,335566
3/24/2021,146,43010,89,57,908,40884,1614,0,502,10,64,336638
3/25/2021,169,43179,77,92,269,41153,1512,2,504,10,25,338019
3/26/2021,320,43499,158,162,139,41292,1689,4,508,10,68,339579
3/27/2021,133,43632,44,89,106,41398,1715,1,509,10,50,341661
3/28/2021,291,43923,129,162,57,41455,1945,4,513,10,93,343049
3/29/2021,128,44051,65,63,221,41676,1845,7,520,10,62,344782
3/30/2021,88,44139,48,40,172,41848,1758,3,523,10,4,345751
3/31/2021,235,44374,101,134,62,41910,1926,5,528,10,83,347135
4/1/2021,207,44581,84,123,211,42121,1919,3,531,10,70,349054
4/2/2021,102,44683,51,51,143,42264,1876,2,533,10,18,350285
4/3/2021,107,44790,39,68,82,42346,1897,4,537,10,30,351344
4/4/2021,96,44886,29,67,12,42358,1980,1,538,10,25,352232
4/5/2021,122,45008,58,64,283,42641,1815,4,542,10,88,352873
4/6/2021,31,45039,17,14,665,43306,1175,6,548,10,3,354279
4/7/2021,15,45054,7,8,48,43354,1132,9,557,11,6,355501
4/8/2021,139,45193,61,78,129,43483,1140,2,559,11,14,356460
4/9/2021,130,45323,59,71,72,43555,1193,5,564,11,32,358301
4/10/2021,204,45527,103,101,85,43640,1306,6,570,11,0,359894
4/11/2021,260,45787,126,134,81,43721,1480,5,575,11,120,361681
4/12/2021,162,45949,96,66,263,43984,1368,11,586,11,65,363659
4/13/2021,102,46051,56,46,178,44162,1286,6,592,11,15,366186
4/14/2021,134,46185,56,78,160,44322,1256,4,596,11,18,0
4/15/2021,145,46330,58,87,70,44392,1328,3,599,11,21,367677
4/16/2021,185,46515,75,110,45,44437,1465,3,602,11,30,368930
4/17/2021,140,46655,58,82,88,44525,1515,2,604,11,29,370004
4/18/2021,118,46773,47,71,235,44760,1398,0,604,11,30,371066
4/19/2021,102,46875,45,57,193,44953,1303,4,608,11,24,372188
4/20/2021,79,46954,38,41,86,45039,1295,1,609,11,15,373669
4/21/2021,218,47172,102,116,97,45136,1409,7,616,11,41,374942
4/22/2021,211,47383,78,133,142,45278,1472,6,622,11,90,376317
4/23/2021,288,47671,103,185,56,45334,1702,2,624,11,102,378245
4/24/2021,105,47776,42,63,224,45558,1582,1,625,11,15,380088
4/25/2021,165,47941,66,99,84,45642,1660,3,628,11,17,381182
4/26/2021,70,48011,35,35,98,45740,1626,6,634,11,4,382185
4/27/2021,166,48177,121,45,169,45909,1619,4,638,11,86,382807
4/28/2021,174,48351,102,72,112,46021,1677,4,642,11,45,384768
4/29/2021,303,48654,155,148,217,46238,1762,1,643,11,44,386573
4/30/2021,248,48902,124,124,183,46421,1821,6,649,11,52,388574
5/1/2021,97,48999,37,60,78,46499,1837,3,652,11,13,0
5/2/2021,142,49141,66,76,7,46506,1965,7,659,11,0,0
5/3/2021,62,49203,31,31,147,46653,1876,4,663,11,0,0
5/4/2021,120,49323,48,72,30,46683,1962,4,667,11,15,0
5/5/2021,137,49460,54,83,239,46922,1853,7,674,11,20,394758
5/6/2021,92,49552,45,47,224,47146,1713,8,682,11,7,396009
5/7/2021,341,49893,169,172,27,47173,2026,1,683,11,36,397272
5/8/2021,177,50070,86,91,127,47300,2070,6,689,11,15,399564
5/9/2021,139,50209,70,69,83,47383,2124,2,691,11,21,400695
5/10/2021,92,50301,49,43,134,47517,2077,5,696,11,3,401470
5/11/2021,214,50515,113,101,180,47697,2105,6,702,11,13,402641
5/12/2021,218,50733,107,111,79,47776,2242,2,704,11,20,404532
5/13/2021,216,50949,86,130,170,47946,2287,1,705,11,13,406093
5/14/2021,164,51113,60,104,103,48049,2343,5,710,11,16,0
5/15/2021,105,51218,43,62,198,48247,2242,8,718,11,14,409042
5/16/2021,172,51390,73,99,76,48323,2333,5,723,11,18,409887
5/17/2021,246,51636,97,149,122,48445,2447,10,733,11,26,411483
5/18/2021,191,51827,81,110,86,48531,2546,6,739,11,4,413177
5/19/2021,295,52122,133,162,244,48775,2587,10,749,11,27,414769
5/20/2021,311,52433,140,171,176,48951,2712,10,759,11,33,0
5/21/2021,279,52712,122,157,187,49138,2800,4,763,11,23,418584
5/22/2021,234,52946,98,136,75,49213,2957,2,765,11,14,420361
5/23/2021,261,53207,110,151,147,49360,3062,9,774,11,26,421684
5/24/2021,225,53432,105,120,190,49550,3092,5,779,11,24,422778
5/25/2021,171,53603,93,78,46,49596,3207,10,789,11,20,424020
5/26/2021,300,53903,172,128,74,49670,3427,6,795,11,26,424743
5/27/2021,365,54268,157,208,383,50053,3397,12,807,11,49,426874
5/28/2021,391,54659,161,230,188,50241,3589,11,818,11,48,428907
5/29/2021,482,55141,235,247,202,50443,3863,6,824,11,52,431010
5/30/2021,408,55549,177,231,232,50675,4033,6,830,11,21,433427
5/31/2021,263,55812,124,139,273,50948,3999,24,854,11,18,435661
6/1/2021,452,56264,198,254,100,51048,4340,11,865,11,27,436958
6/2/2021,717,56981,308,409,129,51177,4916,12,877,11,80,438460
6/3/2021,596,57577,257,339,644,51821,4846,22,899,11,85,441606
6/4/2021,480,58057,220,260,61,51882,5259,6,905,11,51,443845
6/5/2021,650,58707,275,375,150,52032,5752,7,912,11,101,446564
6/6/2021,385,59092,158,227,358,52390,5771,8,920,11,46,448892
6/7/2021,722,59814,323,399,256,52646,6221,16,936,11,108,450044
6/8/2021,515,60329,233,282,123,52769,6599,14,950,11,44,452640
6/9/2021,1045,61374,424,621,374,53143,7252,18,968,11,0,454708
6/10/2021,1432,62806,612,820,591,53734,8088,5,973,11,0,457886
6/11/2021,1399,64205,611,788,403,54137,9064,20,993,11,0,462097
6/12/2021,884,65089,387,497,398,54535,9548,2,995,11,0,466070
6/13/2021,726,65815,302,424,652,55187,9609,13,1008,11,0,468538
6/14/2021,1206,67021,538,668,351,55538,10432,32,1040,11,244,470132
6/15/2021,2075,69096,911,1164,796,56334,11678,33,1073,11,0,473457
6/16/2021,1016,70112,429,587,1382,57716,11278,34,1107,11,187,479290
6/17/2021,1649,71761,741,908,1254,58970,11646,27,1134,11,183,482360
6/18/2021,1403,73164,602,801,279,59249,12743,27,1161,11,0,486946
6/19/2021,1518,74682,836,682,427,59676,13819,15,1176,11,158,490515
6/20/2021,1084,75766,444,640,808,60484,14092,3,1179,11,215,494309
6/21/2021,1567,77333,729,838,727,61211,14887,45,1224,11,284,496906
6/22/2021,1390,78723,639,751,815,62026,15407,55,1279,11,151,500631
6/23/2021,2547,81270,1191,1356,234,62260,17694,26,1305,11,305,504284
6/24/2021,2428,83698,1080,1348,1097,63357,18985,40,1345,11,341,0
6/25/2021,1007,84705,447,560,575,63932,19362,55,1400,11,103,509633
6/26/2021,1944,86649,835,1109,968,64900,20293,45,1445,11,317,513983
6/27/2021,1904,88553,952,952,1997,66897,20178,22,1467,11,0,517325
6/28/2021,1364,89917,574,790,433,67330,21055,54,1521,11,219,521545
6/29/2021,1291,91208,563,728,450,67780,21861,35,1556,11,153,529147
6/30/2021,1661,92869,771,890,930,68710,22562,30,1586,11,193,532519
7/1/2021,1178,94047,552,626,962,69672,22738,40,1626,11,176,536145
7/2/2021,1656,95703,752,904,711,70383,23660,23,1649,11,235,539700
7/3/2021,1384,97087,615,769,390,70773,24641,13,1662,11,192,543309
7/4/2021,1435,98522,665,770,745,71518,25303,28,1690,11,216,546149
7/5/2021,1286,99808,587,699,3754,75272,22783,52,1742,11,235,550088
7/6/2021,1193,101001,504,689,578,75850,23328,70,1812,11,125,553634
7/7/2021,1372,102373,644,728,252,76102,24368,80,1892,11,186,556490
7/8/2021,1726,104099,794,932,769,76871,25306,19,1911,11,164,559837
7/9/2021,1496,105595,684,812,1086,77957,25636,80,1991,11,157,564118
7/10/2021,1284,106879,557,727,622,78579,26270,28,2019,11,129,567751
7/11/2021,1176,108055,528,648,329,78908,27046,71,2090,11,108,571196
7/12/2021,730,108785,321,409,1513,80421,26113,150,2240,11,78,574241
7/13/2021,571,109356,276,295,1984,82405,24670,30,2270,11,32,576182
7/14/2021,1009,110365,449,560,2208,84613,23370,101,2371,11,77,578566
7/15/2021,1052,111417,449,603,2053,86666,22274,95,2466,11,89,581743
7/16/2021,743,112160,342,401,647,87313,22333,37,2503,11,83,585118
7/17/2021,664,112824,287,377,465,87778,22503,29,2532,11,60,587323
7/18/2021,614,113438,305,309,1232,89010,21860,25,2557,11,69,589495
7/19/2021,467,113905,218,249,1189,90199,21075,63,2620,11,67,591147
7/20/2021,495,114400,240,255,289,90488,21236,45,2665,11,42,593091
7/21/2021,609,115009,272,337,273,90761,21523,49,2714,11,45,594924
7/22/2021,784,115793,339,445,1269,92030,20992,46,2760,11,65,597429
7/23/2021,810,116603,340,470,849,92879,20902,51,2811,11,80,600337
7/24/2021,361,116964,151,210,257,93136,20983,23,2834,11,38,602749
7/25/2021,329,117293,156,173,372,93508,20903,37,2871,11,29,604186
7/26/2021,277,117570,123,154,423,93931,20701,56,2927,11,23,605832
7/27/2021,326,117896,145,181,481,94412,20503,43,2970,11,29,606987
7/28/2021,533,118429,235,298,144,94556,20863,29,2999,11,47,608793
7/29/2021,493,118922,240,253,694,95250,20617,45,3044,11,41,0
7/30/2021,363,119285,160,203,663,95913,20304,13,3057,11,45,610886
7/31/2021,157,119442,58,99,306,96219,20148,7,3064,11,31,613229
8/1/2021,355,119797,148,207,163,96382,20324,16,3080,11,61,615104
8/2/2021,187,119984,97,90,186,96568,20293,32,3112,11,25,616179
8/3/2021,237,120221,101,136,323,96891,20177,30,3142,11,30,617595
8/4/2021,274,120495,133,141,1487,98378,18948,16,3158,11,38,618683
8/5/2021,319,120814,147,172,677,99055,18566,24,3182,11,34,620604
8/6/2021,229,121043,92,137,136,99191,18650,9,3191,11,36,624088
8/7/2021,160,121203,66,94,247,99438,18558,5,3196,11,28,625854
8/8/2021,304,121507,110,194,2437,101875,16417,8,3204,11,41,627260
8/9/2021,96,121603,47,49,2983,104858,13508,22,3226,11,21,628458
8/10/2021,214,121817,96,118,3695,108553,10009,18,3244,11,29,630083
8/11/2021,280,122097,118,162,2548,111101,7723,18,3262,11,49,631650
8/12/2021,130,122227,50,80,2074,113175,5770,9,3271,11,34,633588
8/13/2021,242,122469,106,136,2212,115387,3794,6,3277,11,46,634784
8/14/2021,76,122545,35,41,22,115409,3840,8,3285,11,18,636940
8/15/2021,154,122699,78,76,1074,116483,2917,3,3288,11,36,637798
8/16/2021,186,122885,87,99,220,116703,2871,12,3300,11,30,638995
8/17/2021,197,123082,79,118,209,116912,2843,16,3316,11,33,640040
8/18/2021,160,123242,77,83,287,117199,2707,9,3325,11,38,641771
8/19/2021,241,123483,100,141,143,117342,2797,8,3333,11,68,0
8/20/2021,98,123581,46,52,743,118085,2143,9,3342,11,46,645023
8/21/2021,280,123861,119,161,29,118114,2391,3,3345,11,117,646571
8/22/2021,171,124032,67,104,170,118284,2392,0,3345,11,117,648762
8/23/2021,51,124083,20,31,187,118471,2253,3,3348,11,9,650136
8/24/2021,192,124275,82,110,85,118556,2348,12,3360,11,58,651049
8/25/2021,128,124403,56,72,59,118615,2410,7,3367,11,25,652869
8/26/2021,215,124618,97,118,148,118763,2476,1,3368,11,120,654469
8/27/2021,98,124716,39,59,50,118813,2522,2,3370,11,38,656106
8/28/2021,184,124900,81,103,26,118839,2680,0,3370,11,56,657045
8/29/2021,146,125046,54,92,41,118880,2782,3,3373,11,57,658390
8/30/2021,90,125136,26,64,551,119431,2311,10,3383,11,21,660118
8/31/2021,70,125206,23,47,279,119710,2095,7,3390,11,21,661329
9/1/2021,107,125313,43,64,36,119746,2161,5,3395,11,22,662505
9/2/2021,181,125494,75,106,50,119796,2284,8,3403,11,96,664093
9/3/2021,116,125610,41,75,74,119870,2321,5,3408,11,45,666335
9/4/2021,49,125659,26,23,60,119930,2310,0,3408,11,12,667446
9/5/2021,113,125772,48,65,882,120812,1539,2,3410,11,58,668672
9/6/2021,125,125897,47,78,108,120920,1548,7,3417,12,35,669811
9/7/2021,69,125966,24,45,153,121073,1459,5,3422,12,9,671302
9/8/2021,59,126025,18,41,71,121144,1443,4,3426,12,19,672778
9/9/2021,178,126203,79,99,94,121238,1522,5,3431,12,88,674205
9/10/2021,87,126290,30,57,133,121371,1472,4,3435,12,25,675886
9/11/2021,51,126341,21,30,43,121414,1479,1,3436,12,20,677226
9/12/2021,89,126430,34,55,231,121645,1336,1,3437,12,35,678222
9/13/2021,68,126498,34,34,125,121770,1268,11,3448,12,0,679012
9/14/2021,39,126537,14,25,54,121824,1245,8,3456,12,3,0
9/15/2021,91,126628,40,51,48,121872,1283,5,3461,12,18,681868
9/16/2021,80,126708,33,47,168,122040,1190,5,3466,12,21,684387
9/17/2021,103,126811,44,59,41,122081,1251,1,3467,12,41,686029
9/18/2021,89,126900,36,53,8,122089,1330,2,3469,12,50,687434
9/19/2021,100,127000,50,50,119,122208,1308,3,3472,12,0,688760
9/20/2021,35,127035,18,17,70,122278,1267,6,3478,12,13,0
9/21/2021,36,127071,13,23,261,122539,1032,10,3488,12,6,690744
9/22/2021,111,127182,55,56,36,122575,1105,2,3490,12,0,691844
9/23/2021,45,127227,16,29,71,122646,1077,2,3492,12,12,693832
9/24/2021,34,127261,11,23,88,122734,1021,2,3494,12,12,695261
9/25/2021,112,127373,48,64,19,122753,1114,0,3494,12,66,696959
9/26/2021,120,127493,55,65,35,122788,1199,0,3494,12,64,698457
9/27/2021,53,127546,20,33,0,122788,1238,14,3508,12,0,700104
9/28/2021,43,127589,19,24,105,122893,1173,3,3511,12,11,0
9/29/2021,91,127680,39,52,38,122931,1223,3,3514,12,31,703334
9/30/2021,76,127756,34,42,88,123019,1211,0,3514,12,39,705503
